Workbook
Name _nii1: matriz1!$R$7:$R$16
Name _nii2: matriz2!$R$7:$R$16
Name _nit1: matriz1!$O$7:$O$16
Name _nit2: matriz2!$O$7:$O$16
Name _nti1: matriz1!$D$18:$M$18
Name _nti2: matriz2!$D$18:$M$18
Name nii: matriz1!$R$7:$R$16
Name nit: matriz1!$O$7:$O$16
Name nti: matriz1!$D$18:$M$18

Sheet matriz1
T1: #Estatística: Aplicação ao Sensoriamento Remoto - SER204, INPE, 2026
D2: Hudson & Ramm PE&RS V53 N 4 Apr 1987 pp 421-422 Correct formulation of the kappa coeff of agreement | T2: #https://cdrenno.github.io/Estatistica/
D3: Congalton, R. G. Assessing the accuracy of Remotely Sensed data: principles and practices. 1999.
D5: Referência
D6: A | E6: B | F6: C | G6: D | H6: E | I6: F | J6: G | K6: H | L6: I | M6: J | O6: nit | R6: nii1
B7: Classificação | C7: =D6 -> A | D7: 13 | E7: 0 | F7: 3 | G7: 0 | H7: 0 | O7: =SUM(D7:M7) -> 16 | R7: =D7 -> 13
C8: =E6 -> B | D8: 8 | E8: 10 | F8: 5 | G8: 0 | H8: 0 | O8: =SUM(D8:M8) -> 23 | R8: =E8 -> 10
C9: =F6 -> C | D9: 8 | E9: 4 | F9: 27 | G9: 0 | H9: 0 | O9: =SUM(D9:M9) -> 39 | R9: =F9 -> 27
C10: =G6 -> D | D10: 2 | E10: 0 | F10: 1 | G10: 25 | H10: 0 | O10: =SUM(D10:M10) -> 28 | R10: =G10 -> 25
C11: =H6 -> E | D11: 0 | E11: 0 | F11: 0 | G11: 0 | H11: 44 | O11: =SUM(D11:M11) -> 44 | R11: =H11 -> 44
C12: =I6 -> F | O12: =SUM(D12:M12) -> 0 | R12: =I12 -> 0
C13: =J6 -> G | O13: =SUM(D13:M13) -> 0 | R13: =J13 -> 0
C14: =K6 -> H | O14: =SUM(D14:M14) -> 0 | R14: =K14 -> 0
C15: =L6 -> I | O15: =SUM(D15:M15) -> 0 | R15: =L15 -> 0
C16: =M6 -> J | O16: =SUM(D16:M16) -> 0 | R16: =M16 -> 0
C18: nti | D18: =SUM(D7:D16) -> 31 | E18: =SUM(E7:E16) -> 14 | F18: =SUM(F7:F16) -> 36 | G18: =SUM(G7:G16) -> 25 | H18: =SUM(H7:H16) -> 44 | I18: =SUM(I7:I16) -> 0 | J18: =SUM(J7:J16) -> 0 | K18: =SUM(K7:K16) -> 0 | ... M18: =SUM(M7:M16) -> 0 | O18: =SUM(D7:M16) -> 150
D21: q1 | E21: q2 | F21: q3 | G21: q4 | I21: prim | J21: seg | K21: ter
D22: =SUM(_nii1)/O18 -> 0.79333333 | E22: {=SUMPRODUCT(_nit1,TRANSPOSE(_nti1))/(O18^2)} -> 0.21591111 | F22: {=SUM(_nii1*(_nit1+TRANSPOSE(_nti1)))/(O18^2)} -> 0.36457778 | G22: {=SUM(D7:M16*((MMULT({1;1;1;1;1;1;1;1;1;1},_nti1)+TRANSPOSE(MMULT({1;1;1;1;1;1;1;1;1;1},TRANSPOSE(_nit1))))^2))/(O18^3)} -> 0.2120243 | I22: =(D22*(1-D22))/((1-E22)^2) -> 0.26668313 | J22: =2*(1-D22)*(2*D22*E22-F22)/((1-E22)^3) -> -0.018862698 | K22: =((1-D22)^2)*(G22-(4*(E22^2)))/((1-E22)^4) -> 0.0028875949
D25: kappa1 | E25: =(D22-E22)/(1-E22) -> 0.73642444 | I25: Var(kappa1) | J25: =(I22+J22+K22)/O18 -> 0.0016713868
D26: exat. total | E26: =D22 -> 0.79333333
C29: Kappa Condicional
C31: Classe | D31: kappa | E31: Var(kappa)
C32: =D6 -> A | D32: =IF(ISNUMBER(D7),($O$18*D7-$O7*D$18)/($O$18*$O7-$O7*D$18),"") -> 0.76365546 | E32: =IF(ISNUMBER(D7),$O$18*($O7-D7)*(($O7-D7)*($O7*D$18-$O$18*D7)+$O$18*D7*($O$18-$O7-D$18+D7))/(($O7*($O$18-D$18))^3),"") -> 0.014462642
C33: =E6 -> B | D33: =IF(ISNUMBER(E8),($O$18*E8-$O8*E$18)/($O$18*$O8-$O8*E$18),"") -> 0.37659847 | E33: =IF(ISNUMBER(E8),$O$18*($O8-E8)*(($O8-E8)*($O8*E$18-$O$18*E8)+$O$18*E8*($O$18-$O8-E$18+E8))/(($O8*($O$18-E$18))^3),"") -> 0.010779505
C34: =F6 -> C | D34: =IF(ISNUMBER(F9),($O$18*F9-$O9*F$18)/($O$18*$O9-$O9*F$18),"") -> 0.5951417 | E34: =IF(ISNUMBER(F9),$O$18*($O9-F9)*(($O9-F9)*($O9*F$18-$O$18*F9)+$O$18*F9*($O$18-$O9-F$18+F9))/(($O9*($O$18-F$18))^3),"") -> 0.0078106217
C35: =G6 -> D | D35: =IF(ISNUMBER(G10),($O$18*G10-$O10*G$18)/($O$18*$O10-$O10*G$18),"") -> 0.87142857 | E35: =IF(ISNUMBER(G10),$O$18*($O10-G10)*(($O10-G10)*($O10*G$18-$O$18*G10)+$O$18*G10*($O$18-$O10-G$18+G10))/(($O10*($O$18-G$18))^3),"") -> 0.0047057143
C36: =H6 -> E | D36: =IF(ISNUMBER(H11),($O$18*H11-$O11*H$18)/($O$18*$O11-$O11*H$18),"") -> 1 | E36: =IF(ISNUMBER(H11),$O$18*($O11-H11)*(($O11-H11)*($O11*H$18-$O$18*H11)+$O$18*H11*($O$18-$O11-H$18+H11))/(($O11*($O$18-H$18))^3),"") -> 0
C37: =I6 -> F | D37: =IF(ISNUMBER(I12),($O$18*I12-$O12*I$18)/($O$18*$O12-$O12*I$18),"") | E37: =IF(ISNUMBER(I12),$O$18*($O12-I12)*(($O12-I12)*($O12*I$18-$O$18*I12)+$O$18*I12*($O$18-$O12-I$18+I12))/(($O12*($O$18-I$18))^3),"")
C38: =J6 -> G | D38: =IF(ISNUMBER(J13),($O$18*J13-$O13*J$18)/($O$18*$O13-$O13*J$18),"") | E38: =IF(ISNUMBER(J13),$O$18*($O13-J13)*(($O13-J13)*($O13*J$18-$O$18*J13)+$O$18*J13*($O$18-$O13-J$18+J13))/(($O13*($O$18-J$18))^3),"")
C39: =K6 -> H | D39: =IF(ISNUMBER(K14),($O$18*K14-$O14*K$18)/($O$18*$O14-$O14*K$18),"") | E39: =IF(ISNUMBER(K14),$O$18*($O14-K14)*(($O14-K14)*($O14*K$18-$O$18*K14)+$O$18*K14*($O$18-$O14-K$18+K14))/(($O14*($O$18-K$18))^3),"")
C40: =L6 -> I | D40: =IF(ISNUMBER(L15),($O$18*L15-$O15*L$18)/($O$18*$O15-$O15*L$18),"") | E40: =IF(ISNUMBER(L15),$O$18*($O15-L15)*(($O15-L15)*($O15*L$18-$O$18*L15)+$O$18*L15*($O$18-$O15-L$18+L15))/(($O15*($O$18-L$18))^3),"")
C41: =M6 -> J | D41: =IF(ISNUMBER(M16),($O$18*M16-$O16*M$18)/($O$18*$O16-$O16*M$18),"") | E41: =IF(ISNUMBER(M16),$O$18*($O16-M16)*(($O16-M16)*($O16*M$18-$O$18*M16)+$O$18*M16*($O$18-$O16-M$18+M16))/(($O16*($O$18-M$18))^3),"")

Sheet matriz2
D2: Hudson & Ramm PE&RS V53 N 4 Apr 1987 pp 421-422 Correct formulation of the kappa coeff of agreement
D3: Congalton, R. G. Assessing the accuracy of Remotely Sensed data: principles and practices. 1999.
D5: Referência
D6: A | E6: B | F6: C | G6: D | H6: E | I6: F | J6: G | K6: H | L6: I | M6: J | O6: nit | R6: nii2
B7: Classificação | C7: =D6 -> A | D7: 25 | E7: 0 | F7: 2 | G7: 0 | H7: 0 | O7: =SUM(D7:M7) -> 27 | R7: =D7 -> 25
C8: =E6 -> B | D8: 2 | E8: 28 | F8: 0 | G8: 0 | H8: 4 | O8: =SUM(D8:M8) -> 34 | R8: =E8 -> 28
C9: =F6 -> C | D9: 0 | E9: 2 | F9: 30 | G9: 2 | H9: 0 | O9: =SUM(D9:M9) -> 34 | R9: =F9 -> 30
C10: =G6 -> D | D10: 0 | E10: 0 | F10: 1 | G10: 33 | H10: 0 | O10: =SUM(D10:M10) -> 34 | R10: =G10 -> 33
C11: =H6 -> E | D11: 0 | E11: 0 | F11: 0 | G11: 0 | H11: 21 | O11: =SUM(D11:M11) -> 21 | R11: =H11 -> 21
C12: =I6 -> F | O12: =SUM(D12:M12) -> 0 | R12: =I12 -> 0
C13: =J6 -> G | O13: =SUM(D13:M13) -> 0 | R13: =J13 -> 0
C14: =K6 -> H | O14: =SUM(D14:M14) -> 0 | R14: =K14 -> 0
C15: =L6 -> I | O15: =SUM(D15:M15) -> 0 | R15: =L15 -> 0
C16: =M6 -> J | O16: =SUM(D16:M16) -> 0 | R16: =M16 -> 0
C18: nti | D18: =SUM(D7:D16) -> 27 | E18: =SUM(E7:E16) -> 30 | F18: =SUM(F7:F16) -> 33 | G18: =SUM(G7:G16) -> 35 | H18: =SUM(H7:H16) -> 25 | I18: =SUM(I7:I16) -> 0 | J18: =SUM(J7:J16) -> 0 | K18: =SUM(K7:K16) -> 0 | ... M18: =SUM(M7:M16) -> 0 | O18: =SUM(D7:M16) -> 150
D21: q1 | E21: q2 | F21: q3 | G21: q4 | I21: prim | J21: seg | K21: ter
D22: =SUM(_nii2)/O18 -> 0.91333333 | E22: {=SUMPRODUCT(_nit2,TRANSPOSE(_nti2))/(O18^2)} -> 0.20382222 | F22: {=SUM(_nii2*(_nit2+TRANSPOSE(_nti2)))/(O18^2)} -> 0.37311111 | G22: {=SUM(D7:M16*((MMULT({1;1;1;1;1;1;1;1;1;1},_nti1)+TRANSPOSE(MMULT({1;1;1;1;1;1;1;1;1;1},TRANSPOSE(_nit1))))^2))/(O18^3)} -> 0.16732741 | I22: =(D22*(1-D22))/((1-E22)^2) -> 0.12487092 | J22: =2*(1-D22)*(2*D22*E22-F22)/((1-E22)^3) -> -0.00027332803 | K22: =((1-D22)^2)*(G22-(4*(E22^2)))/((1-E22)^4) -> 2.1560028e-05
D25: kappa2 | E25: =(D22-E22)/(1-E22) -> 0.89114659 | I25: Var(kappa2) | J25: =(I22+J22+K22)/O18 -> 0.00083079432
D26: exat. total | E26: =D22 -> 0.91333333
C29: Kappa Condicional
C31: Classe | D31: kappa | E31: Var(kappa)
C32: =D6 -> A | D32: =IF(ISNUMBER(D7),($O$18*D7-$O7*D$18)/($O$18*$O7-$O7*D$18),"") -> 0.90966576 | E32: =IF(ISNUMBER(D7),$O$18*($O7-D7)*(($O7-D7)*($O7*D$18-$O$18*D7)+$O$18*D7*($O$18-$O7-D$18+D7))/(($O7*($O$18-D$18))^3),"") -> 0.0036669879
C33: =E6 -> B | D33: =IF(ISNUMBER(E8),($O$18*E8-$O8*E$18)/($O$18*$O8-$O8*E$18),"") -> 0.77941176 | E33: =IF(ISNUMBER(E8),$O$18*($O8-E8)*(($O8-E8)*($O8*E$18-$O$18*E8)+$O$18*E8*($O$18-$O8-E$18+E8))/(($O8*($O$18-E$18))^3),"") -> 0.0060919372
C34: =F6 -> C | D34: =IF(ISNUMBER(F9),($O$18*F9-$O9*F$18)/($O$18*$O9-$O9*F$18),"") -> 0.84917044 | E34: =IF(ISNUMBER(F9),$O$18*($O9-F9)*(($O9-F9)*($O9*F$18-$O$18*F9)+$O$18*F9*($O$18-$O9-F$18+F9))/(($O9*($O$18-F$18))^3),"") -> 0.004717931
C35: =G6 -> D | D35: =IF(ISNUMBER(G10),($O$18*G10-$O10*G$18)/($O$18*$O10-$O10*G$18),"") -> 0.96163683 | E35: =IF(ISNUMBER(G10),$O$18*($O10-G10)*(($O10-G10)*($O10*G$18-$O$18*G10)+$O$18*G10*($O$18-$O10-G$18+G10))/(($O10*($O$18-G$18))^3),"") -> 0.0014065902
C36: =H6 -> E | D36: =IF(ISNUMBER(H11),($O$18*H11-$O11*H$18)/($O$18*$O11-$O11*H$18),"") -> 1 | E36: =IF(ISNUMBER(H11),$O$18*($O11-H11)*(($O11-H11)*($O11*H$18-$O$18*H11)+$O$18*H11*($O$18-$O11-H$18+H11))/(($O11*($O$18-H$18))^3),"") -> 0
C37: =I6 -> F | D37: =IF(ISNUMBER(I12),($O$18*I12-$O12*I$18)/($O$18*$O12-$O12*I$18),"") | E37: =IF(ISNUMBER(I12),$O$18*($O12-I12)*(($O12-I12)*($O12*I$18-$O$18*I12)+$O$18*I12*($O$18-$O12-I$18+I12))/(($O12*($O$18-I$18))^3),"")
C38: =J6 -> G | D38: =IF(ISNUMBER(J13),($O$18*J13-$O13*J$18)/($O$18*$O13-$O13*J$18),"") | E38: =IF(ISNUMBER(J13),$O$18*($O13-J13)*(($O13-J13)*($O13*J$18-$O$18*J13)+$O$18*J13*($O$18-$O13-J$18+J13))/(($O13*($O$18-J$18))^3),"")
C39: =K6 -> H | D39: =IF(ISNUMBER(K14),($O$18*K14-$O14*K$18)/($O$18*$O14-$O14*K$18),"") | E39: =IF(ISNUMBER(K14),$O$18*($O14-K14)*(($O14-K14)*($O14*K$18-$O$18*K14)+$O$18*K14*($O$18-$O14-K$18+K14))/(($O14*($O$18-K$18))^3),"")
C40: =L6 -> I | D40: =IF(ISNUMBER(L15),($O$18*L15-$O15*L$18)/($O$18*$O15-$O15*L$18),"") | E40: =IF(ISNUMBER(L15),$O$18*($O15-L15)*(($O15-L15)*($O15*L$18-$O$18*L15)+$O$18*L15*($O$18-$O15-L$18+L15))/(($O15*($O$18-L$18))^3),"")
C41: =M6 -> J | D41: =IF(ISNUMBER(M16),($O$18*M16-$O16*M$18)/($O$18*$O16-$O16*M$18),"") | E41: =IF(ISNUMBER(M16),$O$18*($O16-M16)*(($O16-M16)*($O16*M$18-$O$18*M16)+$O$18*M16*($O$18-$O16-M$18+M16))/(($O16*($O$18-M$18))^3),"")

Sheet testes
A1: teste Z
A3: H0: kappa1 = 0
A4: H1: kappa1 > 0
A6: z = | B6: =matriz1!E25/SQRT(matriz1!J25) -> 18.013152
A7: Valor-P = | B7: =1-NORMSDIST(B6) -> 0
A8: Alfa = | B8: 0.05
A10: Conclusão: | B10: =IF(B7<B8,"rejeito H0, o kappa1 é significativamente maior que zero","aceito H0, o kappa1 não é significamente maior que zero") -> rejeito H0, o kappa1 é significativamente maior que zero
A12: teste Z
A14: H0: kappa2 = 0
A15: H1: kappa2 > 0
A17: z = | B17: =matriz2!E25/SQRT(matriz2!J25) -> 30.917359
A18: Valor-P = | B18: =1-NORMSDIST(ABS(B17)) -> 0
A19: Alfa = | B19: 0.05
A21: Conclusão: | B21: =IF(B18<B19,"rejeito H0, o kappa2 é significativamente maior que zero","aceito H0, o kappa2 não é significamente maior que zero") -> rejeito H0, o kappa2 é significativamente maior que zero
A23: teste Z
A25: H0: kappa1 - kappa2 = 0
A26: =CONCATENATE("H1: kappa1 - kappa2 ",IF(matriz1!E25>matriz2!E25,">","<")," 0") -> H1: kappa1 - kappa2 < 0
A28: z = | B28: =(matriz1!E25-matriz2!E25)/SQRT(matriz1!J25+matriz2!J25) -> -3.093094
A29: Valor-P = | B29: =1-NORMSDIST(ABS(B28)) -> 0.00099040708
A30: Alfa = | B30: 0.05
A32: Conclusão: | B32: =IF(B29<B30,CONCATENATE("rejeito H0, o kappa1 é significativamente ",IF(matriz1!E25>matriz2!E25,"maior","menor")," que o kappa2"),"aceito H0, os kappas não são significamente diferentes") -> rejeito H0, o kappa1 é significativamente menor que o kappa2
