Workbook

Sheet Dados
B1: 0.2
A2: 0 | B2: 1 | C2: =B2 -> 1 | D2: =C2 -> 1 | E2: =D2 -> 1 | F2: =E2 -> 1 | G2: =F2 -> 1 | H2: =G2 -> 1 | I2: =H2 -> 1 | J2: =I2 -> 1 | ... AZ2: =AY2 -> 1 | BB2: 1 | BC2: 1
A3: 1 | B3: =B2*EXP(B$1) -> 1.2214028 | C3: =C2*EXP($B$1+RAND()/10) -> 1.2763204 | D3: =D2*EXP($B$1+RAND()/10) -> 1.2854765 | E3: =E2*EXP($B$1+RAND()/10) -> 1.25565 | F3: =F2*EXP($B$1+RAND()/10) -> 1.2378757 | G3: =G2*EXP($B$1+RAND()/10) -> 1.2382935 | H3: =H2*EXP($B$1+RAND()/10) -> 1.2456661 | I3: =I2*EXP($B$1+RAND()/10) -> 1.3353173 | J3: =J2*EXP($B$1+RAND()/10) -> 1.2399216 | ... AZ3: =AZ2*EXP($B$1+RAND()/10) -> 1.2774838 | BB3: =SMALL(C3:AZ3,0.025*50) -> 1.2215754 | BC3: =SMALL(C3:AZ3,0.975*50) -> 1.3451683
A4: 2 | B4: =B3*EXP(B$1) -> 1.4918247 | C4: =C3*EXP($B$1+RAND()/10) -> 1.6202071 | D4: =D3*EXP($B$1+RAND()/10) -> 1.6818282 | E4: =E3*EXP($B$1+RAND()/10) -> 1.5858834 | F4: =F3*EXP($B$1+RAND()/10) -> 1.6432683 | G4: =G3*EXP($B$1+RAND()/10) -> 1.636817 | H4: =H3*EXP($B$1+RAND()/10) -> 1.6379304 | I4: =I3*EXP($B$1+RAND()/10) -> 1.7025806 | J4: =J3*EXP($B$1+RAND()/10) -> 1.6644047 | ... AZ4: =AZ3*EXP($B$1+RAND()/10) -> 1.7187477 | BB4: =SMALL(C4:AZ4,0.025*50) -> 1.5335783 | BC4: =SMALL(C4:AZ4,0.975*50) -> 1.7484286
A5: 3 | B5: =B4*EXP(B$1) -> 1.8221188 | C5: =C4*EXP($B$1+RAND()/10) -> 2.0244114 | D5: =D4*EXP($B$1+RAND()/10) -> 2.0571859 | E5: =E4*EXP($B$1+RAND()/10) -> 2.0705546 | F5: =F4*EXP($B$1+RAND()/10) -> 2.0796336 | G5: =G4*EXP($B$1+RAND()/10) -> 2.0701868 | H5: =H4*EXP($B$1+RAND()/10) -> 2.1953383 | I5: =I4*EXP($B$1+RAND()/10) -> 2.1119824 | J5: =J4*EXP($B$1+RAND()/10) -> 2.1564413 | ... AZ5: =AZ4*EXP($B$1+RAND()/10) -> 2.2614802 | BB5: =SMALL(C5:AZ5,0.025*50) -> 1.9744318 | BC5: =SMALL(C5:AZ5,0.975*50) -> 2.3325305
A6: 4 | B6: =B5*EXP(B$1) -> 2.2255409 | C6: =C5*EXP($B$1+RAND()/10) -> 2.588008 | D6: =D5*EXP($B$1+RAND()/10) -> 2.6160714 | E6: =E5*EXP($B$1+RAND()/10) -> 2.6089807 | F6: =F5*EXP($B$1+RAND()/10) -> 2.7662634 | G6: =G5*EXP($B$1+RAND()/10) -> 2.589997 | H6: =H5*EXP($B$1+RAND()/10) -> 2.8009692 | I6: =I5*EXP($B$1+RAND()/10) -> 2.6556349 | J6: =J5*EXP($B$1+RAND()/10) -> 2.815621 | ... AZ6: =AZ5*EXP($B$1+RAND()/10) -> 2.995774 | BB6: =SMALL(C6:AZ6,0.025*50) -> 2.4664264 | BC6: =SMALL(C6:AZ6,0.975*50) -> 2.995774
A7: 5 | B7: =B6*EXP(B$1) -> 2.7182818 | C7: =C6*EXP($B$1+RAND()/10) -> 3.2884141 | D7: =D6*EXP($B$1+RAND()/10) -> 3.3929099 | E7: =E6*EXP($B$1+RAND()/10) -> 3.2124593 | F7: =F6*EXP($B$1+RAND()/10) -> 3.3963329 | G7: =G6*EXP($B$1+RAND()/10) -> 3.4483876 | H7: =H6*EXP($B$1+RAND()/10) -> 3.5875715 | I7: =I6*EXP($B$1+RAND()/10) -> 3.2583527 | J7: =J6*EXP($B$1+RAND()/10) -> 3.5236545 | ... AZ7: =AZ6*EXP($B$1+RAND()/10) -> 3.6808721 | BB7: =SMALL(C7:AZ7,0.025*50) -> 3.1425118 | BC7: =SMALL(C7:AZ7,0.975*50) -> 3.7608779
A8: 6 | B8: =B7*EXP(B$1) -> 3.3201169 | C8: =C7*EXP($B$1+RAND()/10) -> 4.0712785 | D8: =D7*EXP($B$1+RAND()/10) -> 4.3556213 | E8: =E7*EXP($B$1+RAND()/10) -> 3.9610105 | F8: =F7*EXP($B$1+RAND()/10) -> 4.4616382 | G8: =G7*EXP($B$1+RAND()/10) -> 4.4686585 | H8: =H7*EXP($B$1+RAND()/10) -> 4.5483624 | I8: =I7*EXP($B$1+RAND()/10) -> 4.3712725 | J8: =J7*EXP($B$1+RAND()/10) -> 4.6148576 | ... AZ8: =AZ7*EXP($B$1+RAND()/10) -> 4.6776427 | BB8: =SMALL(C8:AZ8,0.025*50) -> 3.8998813 | BC8: =SMALL(C8:AZ8,0.975*50) -> 4.9218414
A9: 7 | B9: =B8*EXP(B$1) -> 4.0552 | C9: =C8*EXP($B$1+RAND()/10) -> 5.408648 | D9: =D8*EXP($B$1+RAND()/10) -> 5.4872038 | E9: =E8*EXP($B$1+RAND()/10) -> 5.003695 | F9: =F8*EXP($B$1+RAND()/10) -> 5.5786702 | G9: =G8*EXP($B$1+RAND()/10) -> 5.5197632 | H9: =H8*EXP($B$1+RAND()/10) -> 5.6224397 | I9: =I8*EXP($B$1+RAND()/10) -> 5.8478091 | J9: =J8*EXP($B$1+RAND()/10) -> 5.7512354 | ... AZ9: =AZ8*EXP($B$1+RAND()/10) -> 6.2475597 | BB9: =SMALL(C9:AZ9,0.025*50) -> 5.003695 | BC9: =SMALL(C9:AZ9,0.975*50) -> 6.5646644
A10: 8 | B10: =B9*EXP(B$1) -> 4.9530324 | C10: =C9*EXP($B$1+RAND()/10) -> 6.9430885 | D10: =D9*EXP($B$1+RAND()/10) -> 7.0484148 | E10: =E9*EXP($B$1+RAND()/10) -> 6.6855496 | F10: =F9*EXP($B$1+RAND()/10) -> 6.9813007 | G10: =G9*EXP($B$1+RAND()/10) -> 7.4098586 | H10: =H9*EXP($B$1+RAND()/10) -> 7.216018 | I10: =I9*EXP($B$1+RAND()/10) -> 7.7072688 | J10: =J9*EXP($B$1+RAND()/10) -> 7.0564762 | ... AZ10: =AZ9*EXP($B$1+RAND()/10) -> 7.7726297 | BB10: =SMALL(C10:AZ10,0.025*50) -> 6.5237914 | BC10: =SMALL(C10:AZ10,0.975*50) -> 8.2987729
A11: 9 | B11: =B10*EXP(B$1) -> 6.0496475 | C11: =C10*EXP($B$1+RAND()/10) -> 8.4919311 | D11: =D10*EXP($B$1+RAND()/10) -> 8.7755851 | E11: =E10*EXP($B$1+RAND()/10) -> 8.3746205 | F11: =F10*EXP($B$1+RAND()/10) -> 8.6480266 | G11: =G10*EXP($B$1+RAND()/10) -> 9.5028879 | H11: =H10*EXP($B$1+RAND()/10) -> 9.1654868 | I11: =I10*EXP($B$1+RAND()/10) -> 10.192773 | J11: =J10*EXP($B$1+RAND()/10) -> 9.276775 | ... AZ11: =AZ10*EXP($B$1+RAND()/10) -> 9.9877212 | BB11: =SMALL(C11:AZ11,0.025*50) -> 8.2354847 | BC11: =SMALL(C11:AZ11,0.975*50) -> 10.601449
A12: 10 | B12: =B11*EXP(B$1) -> 7.3890561 | C12: =C11*EXP($B$1+RAND()/10) -> 10.732577 | D12: =D11*EXP($B$1+RAND()/10) -> 10.764868 | E12: =E11*EXP($B$1+RAND()/10) -> 10.805695 | F12: =F11*EXP($B$1+RAND()/10) -> 11.390011 | G12: =G11*EXP($B$1+RAND()/10) -> 11.713651 | H12: =H11*EXP($B$1+RAND()/10) -> 11.632785 | I12: =I11*EXP($B$1+RAND()/10) -> 12.666563 | J12: =J11*EXP($B$1+RAND()/10) -> 12.066537 | ... AZ12: =AZ11*EXP($B$1+RAND()/10) -> 12.335208 | BB12: =SMALL(C12:AZ12,0.025*50) -> 10.302403 | BC12: =SMALL(C12:AZ12,0.975*50) -> 13.75011
A13: 11 | B13: =B12*EXP(B$1) -> 9.0250135 | C13: =C12*EXP($B$1+RAND()/10) -> 14.321318 | D13: =D12*EXP($B$1+RAND()/10) -> 13.56881 | E13: =E12*EXP($B$1+RAND()/10) -> 14.083817 | F13: =F12*EXP($B$1+RAND()/10) -> 14.999526 | G13: =G12*EXP($B$1+RAND()/10) -> 14.456349 | H13: =H12*EXP($B$1+RAND()/10) -> 15.019315 | I13: =I12*EXP($B$1+RAND()/10) -> 16.373269 | J13: =J12*EXP($B$1+RAND()/10) -> 14.801448 | ... AZ13: =AZ12*EXP($B$1+RAND()/10) -> 16.33727 | BB13: =SMALL(C13:AZ13,0.025*50) -> 13.56881 | BC13: =SMALL(C13:AZ13,0.975*50) -> 17.761849
A14: 12 | B14: =B13*EXP(B$1) -> 11.023176 | C14: =C13*EXP($B$1+RAND()/10) -> 18.720317 | D14: =D13*EXP($B$1+RAND()/10) -> 17.715721 | E14: =E13*EXP($B$1+RAND()/10) -> 18.989215 | F14: =F13*EXP($B$1+RAND()/10) -> 19.187496 | G14: =G13*EXP($B$1+RAND()/10) -> 18.249338 | H14: =H13*EXP($B$1+RAND()/10) -> 18.980804 | I14: =I13*EXP($B$1+RAND()/10) -> 20.556242 | J14: =J13*EXP($B$1+RAND()/10) -> 19.630622 | ... AZ14: =AZ13*EXP($B$1+RAND()/10) -> 20.165715 | BB14: =SMALL(C14:AZ14,0.025*50) -> 17.244419 | BC14: =SMALL(C14:AZ14,0.975*50) -> 23.101489
... A22: 20 | B22: =B21*EXP(B$1) -> 54.59815 | C22: =C21*EXP($B$1+RAND()/10) -> 144.11332 | D22: =D21*EXP($B$1+RAND()/10) -> 147.92684 | E22: =E21*EXP($B$1+RAND()/10) -> 145.06153 | F22: =F21*EXP($B$1+RAND()/10) -> 139.75009 | G22: =G21*EXP($B$1+RAND()/10) -> 130.10457 | H22: =H21*EXP($B$1+RAND()/10) -> 132.30259 | I22: =I21*EXP($B$1+RAND()/10) -> 153.94958 | J22: =J21*EXP($B$1+RAND()/10) -> 129.78613 | ... AZ22: =AZ21*EXP($B$1+RAND()/10) -> 155.45368 | BB22: =SMALL(C22:AZ22,0.025*50) -> 120.97633 | BC22: =SMALL(C22:AZ22,0.975*50) -> 182.03472

Sheet gráficos
C2: min | D2: bigode | E2: 1q | F2: med | G2: 3q | H2: bigode | I2: max | L2: DIQ
A3: 0 | C3: =MIN(Dados!C2:AZ2) -> 1 | D3: {=MAX(MAX(IF(Dados!C2:AZ2<(E3-1.5*L3),Dados!C2:AZ2,-10000)),C3)} -> 1 | E3: =_xlfn.QUARTILE.INC(Dados!C2:AZ2,1) -> 1 | F3: =MEDIAN(Dados!C2:AZ2) -> 1 | G3: =_xlfn.QUARTILE.INC(Dados!C2:AZ2,3) -> 1 | H3: {=MIN(MIN(IF(Dados!C2:AZ2>(G3+1.5*L3),Dados!C2:AZ2,10000)),I3)} -> 1 | I3: =MAX(Dados!C2:AZ2) -> 1 | L3: =G3-E3 -> 0 | N3: =P3-0.5 -> 0.5 | O3: =P3+0.5 -> 1.5 | P3: 1 | Q3: =P3 -> 1 | R3: =N3 -> 0.5 | S3: =N3 -> 0.5 | T3: =O3 -> 1.5 | U3: =O3 -> 1.5 | V3: =P3 -> 1 | W3: =P3 -> 1 | X3: =N3 -> 0.5 | Y3: =O3 -> 1.5 | Z3: =P3 -> 1 | AA3: =P3 -> 1 | AB3: =N3 -> 0.5 | AC3: =N3 -> 0.5 | AD3: =O3 -> 1.5 | AE3: =O3 -> 1.5 | AF3: =P3 -> 1
A4: 1 | C4: =MIN(Dados!C3:AZ3) -> 1.2215754 | D4: {=MAX(MAX(IF(Dados!C3:AZ3<(E4-1.5*L4),Dados!C3:AZ3,-10000)),C4)} -> 1.2215754 | E4: =QUARTILE(Dados!C3:AZ3,1) -> 1.244912 | F4: =MEDIAN(Dados!C3:AZ3) -> 1.2758757 | G4: =QUARTILE(Dados!C3:AZ3,3) -> 1.3037632 | H4: {=MIN(MIN(IF(Dados!C3:AZ3>(G4+1.5*L4),Dados!C3:AZ3,10000)),I4)} -> 1.3480091 | I4: =MAX(Dados!C3:AZ3) -> 1.3480091 | K4: =G4+1.5*L4 -> 1.39204 | L4: =G4-E4 -> 0.058851212 | N4: =D4 -> 1.2215754 | O4: =N4 -> 1.2215754 | P4: =O4 -> 1.2215754 | Q4: =E4 -> 1.244912 | R4: =Q4 -> 1.244912 | S4: =F4 -> 1.2758757 | T4: =S4 -> 1.2758757 | U4: =G4 -> 1.3037632 | V4: =U4 -> 1.3037632 | W4: =H4 -> 1.3480091 | X4: =W4 -> 1.3480091 | Y4: =X4 -> 1.3480091 | Z4: =Y4 -> 1.3480091 | AA4: =V4 -> 1.3037632 | AB4: =AA4 -> 1.3037632 | AC4: =T4 -> 1.2758757 | AD4: =AC4 -> 1.2758757 | AE4: =R4 -> 1.244912 | AF4: =AE4 -> 1.244912 | AH4: =AJ4-0.4 -> 0.6 | AI4: =AJ4+0.4 -> 1.4 | AJ4: 1 | AK4: =AJ4 -> 1 | AL4: =AH4 -> 0.6 | AM4: =AH4 -> 0.6 | AN4: =AI4 -> 1.4 | AO4: =AI4 -> 1.4 | AP4: =AJ4 -> 1 | AQ4: =AJ4 -> 1 | AR4: =AH4 -> 0.6 | AS4: =AI4 -> 1.4 | AT4: =AJ4 -> 1 | AU4: =AJ4 -> 1 | AV4: =AH4 -> 0.6 | AW4: =AH4 -> 0.6 | AX4: =AI4 -> 1.4 | AY4: =AI4 -> 1.4 | AZ4: =AJ4 -> 1
A5: 2 | C5: =MIN(Dados!C4:AZ4) -> 1.5335783 | D5: {=MAX(MAX(IF(Dados!C4:AZ4<(E5-1.5*L5),Dados!C4:AZ4,-10000)),C5)} -> 1.5335783 | E5: =QUARTILE(Dados!C4:AZ4,1) -> 1.6185016 | F5: =MEDIAN(Dados!C4:AZ4) -> 1.643486 | G5: =QUARTILE(Dados!C4:AZ4,3) -> 1.6764298 | H5: {=MIN(MIN(IF(Dados!C4:AZ4>(G5+1.5*L5),Dados!C4:AZ4,10000)),I5)} -> 1.8103849 | I5: =MAX(Dados!C4:AZ4) -> 1.8103849 | K5: =G5+1.5*L5 -> 1.7633222 | L5: =G5-E5 -> 0.057928216 | N5: =D5 -> 1.5335783 | O5: =N5 -> 1.5335783 | P5: =O5 -> 1.5335783 | Q5: =E5 -> 1.6185016 | R5: =Q5 -> 1.6185016 | S5: =F5 -> 1.643486 | T5: =S5 -> 1.643486 | U5: =G5 -> 1.6764298 | V5: =U5 -> 1.6764298 | W5: =H5 -> 1.8103849 | X5: =W5 -> 1.8103849 | Y5: =X5 -> 1.8103849 | Z5: =Y5 -> 1.8103849 | AA5: =V5 -> 1.6764298 | AB5: =AA5 -> 1.6764298 | AC5: =T5 -> 1.643486 | AD5: =AC5 -> 1.643486 | AE5: =R5 -> 1.6185016 | AF5: =AE5 -> 1.6185016 | AH5: =AJ5-0.4 -> 1.6 | AI5: =AJ5+0.4 -> 2.4 | AJ5: =AJ4+1 -> 2 | AK5: =AJ5 -> 2 | AL5: =AH5 -> 1.6 | AM5: =AH5 -> 1.6 | AN5: =AI5 -> 2.4 | AO5: =AI5 -> 2.4 | AP5: =AJ5 -> 2 | AQ5: =AJ5 -> 2 | AR5: =AH5 -> 1.6 | AS5: =AI5 -> 2.4 | AT5: =AJ5 -> 2 | AU5: =AJ5 -> 2 | AV5: =AH5 -> 1.6 | AW5: =AH5 -> 1.6 | AX5: =AI5 -> 2.4 | AY5: =AI5 -> 2.4 | AZ5: =AJ5 -> 2
A6: 3 | C6: =MIN(Dados!C5:AZ5) -> 1.9744318 | D6: {=MAX(MAX(IF(Dados!C5:AZ5<(E6-1.5*L6),Dados!C5:AZ5,-10000)),C6)} -> 1.9744318 | E6: =QUARTILE(Dados!C5:AZ5,1) -> 2.0632151 | F6: =MEDIAN(Dados!C5:AZ5) -> 2.1045242 | G6: =QUARTILE(Dados!C5:AZ5,3) -> 2.1817532 | H6: {=MIN(MIN(IF(Dados!C5:AZ5>(G6+1.5*L6),Dados!C5:AZ5,10000)),I6)} -> 2.3513608 | I6: =MAX(Dados!C5:AZ5) -> 2.3513608 | K6: =G6+1.5*L6 -> 2.3595604 | L6: =G6-E6 -> 0.11853812 | N6: =D6 -> 1.9744318 | O6: =N6 -> 1.9744318 | P6: =O6 -> 1.9744318 | Q6: =E6 -> 2.0632151 | R6: =Q6 -> 2.0632151 | S6: =F6 -> 2.1045242 | T6: =S6 -> 2.1045242 | U6: =G6 -> 2.1817532 | V6: =U6 -> 2.1817532 | W6: =H6 -> 2.3513608 | X6: =W6 -> 2.3513608 | Y6: =X6 -> 2.3513608 | Z6: =Y6 -> 2.3513608 | AA6: =V6 -> 2.1817532 | AB6: =AA6 -> 2.1817532 | AC6: =T6 -> 2.1045242 | AD6: =AC6 -> 2.1045242 | AE6: =R6 -> 2.0632151 | AF6: =AE6 -> 2.0632151 | AH6: =AJ6-0.4 -> 2.6 | AI6: =AJ6+0.4 -> 3.4 | AJ6: =AJ5+1 -> 3 | AK6: =AJ6 -> 3 | AL6: =AH6 -> 2.6 | AM6: =AH6 -> 2.6 | AN6: =AI6 -> 3.4 | AO6: =AI6 -> 3.4 | AP6: =AJ6 -> 3 | AQ6: =AJ6 -> 3 | AR6: =AH6 -> 2.6 | AS6: =AI6 -> 3.4 | AT6: =AJ6 -> 3 | AU6: =AJ6 -> 3 | AV6: =AH6 -> 2.6 | AW6: =AH6 -> 2.6 | AX6: =AI6 -> 3.4 | AY6: =AI6 -> 3.4 | AZ6: =AJ6 -> 3
A7: 4 | C7: =MIN(Dados!C6:AZ6) -> 2.4664264 | D7: {=MAX(MAX(IF(Dados!C6:AZ6<(E7-1.5*L7),Dados!C6:AZ6,-10000)),C7)} -> 2.4664264 | E7: =QUARTILE(Dados!C6:AZ6,1) -> 2.6259622 | F7: =MEDIAN(Dados!C6:AZ6) -> 2.7330718 | G7: =QUARTILE(Dados!C6:AZ6,3) -> 2.8175764 | H7: {=MIN(MIN(IF(Dados!C6:AZ6>(G7+1.5*L7),Dados!C6:AZ6,10000)),I7)} -> 3.134669 | I7: =MAX(Dados!C6:AZ6) -> 3.134669 | K7: =G7+1.5*L7 -> 3.1049975 | L7: =G7-E7 -> 0.19161412 | N7: =D7 -> 2.4664264 | O7: =N7 -> 2.4664264 | P7: =O7 -> 2.4664264 | Q7: =E7 -> 2.6259622 | R7: =Q7 -> 2.6259622 | S7: =F7 -> 2.7330718 | T7: =S7 -> 2.7330718 | U7: =G7 -> 2.8175764 | V7: =U7 -> 2.8175764 | W7: =H7 -> 3.134669 | X7: =W7 -> 3.134669 | Y7: =X7 -> 3.134669 | Z7: =Y7 -> 3.134669 | AA7: =V7 -> 2.8175764 | AB7: =AA7 -> 2.8175764 | AC7: =T7 -> 2.7330718 | AD7: =AC7 -> 2.7330718 | AE7: =R7 -> 2.6259622 | AF7: =AE7 -> 2.6259622 | AH7: =AJ7-0.4 -> 3.6 | AI7: =AJ7+0.4 -> 4.4 | AJ7: =AJ6+1 -> 4 | AK7: =AJ7 -> 4 | AL7: =AH7 -> 3.6 | AM7: =AH7 -> 3.6 | AN7: =AI7 -> 4.4 | AO7: =AI7 -> 4.4 | AP7: =AJ7 -> 4 | AQ7: =AJ7 -> 4 | AR7: =AH7 -> 3.6 | AS7: =AI7 -> 4.4 | AT7: =AJ7 -> 4 | AU7: =AJ7 -> 4 | AV7: =AH7 -> 3.6 | AW7: =AH7 -> 3.6 | AX7: =AI7 -> 4.4 | AY7: =AI7 -> 4.4 | AZ7: =AJ7 -> 4
A8: 5 | C8: =MIN(Dados!C7:AZ7) -> 3.1425118 | D8: {=MAX(MAX(IF(Dados!C7:AZ7<(E8-1.5*L8),Dados!C7:AZ7,-10000)),C8)} -> 3.1425118 | E8: =QUARTILE(Dados!C7:AZ7,1) -> 3.3937656 | F8: =MEDIAN(Dados!C7:AZ7) -> 3.53652 | G8: =QUARTILE(Dados!C7:AZ7,3) -> 3.6459666 | H8: {=MIN(MIN(IF(Dados!C7:AZ7>(G8+1.5*L8),Dados!C7:AZ7,10000)),I8)} -> 4.1218486 | I8: =MAX(Dados!C7:AZ7) -> 4.1218486 | K8: =G8+1.5*L8 -> 4.024268 | L8: =G8-E8 -> 0.25220093 | N8: =D8 -> 3.1425118 | O8: =N8 -> 3.1425118 | P8: =O8 -> 3.1425118 | Q8: =E8 -> 3.3937656 | R8: =Q8 -> 3.3937656 | S8: =F8 -> 3.53652 | T8: =S8 -> 3.53652 | U8: =G8 -> 3.6459666 | V8: =U8 -> 3.6459666 | W8: =H8 -> 4.1218486 | X8: =W8 -> 4.1218486 | Y8: =X8 -> 4.1218486 | Z8: =Y8 -> 4.1218486 | AA8: =V8 -> 3.6459666 | AB8: =AA8 -> 3.6459666 | AC8: =T8 -> 3.53652 | AD8: =AC8 -> 3.53652 | AE8: =R8 -> 3.3937656 | AF8: =AE8 -> 3.3937656 | AH8: =AJ8-0.4 -> 4.6 | AI8: =AJ8+0.4 -> 5.4 | AJ8: =AJ7+1 -> 5 | AK8: =AJ8 -> 5 | AL8: =AH8 -> 4.6 | AM8: =AH8 -> 4.6 | AN8: =AI8 -> 5.4 | AO8: =AI8 -> 5.4 | AP8: =AJ8 -> 5 | AQ8: =AJ8 -> 5 | AR8: =AH8 -> 4.6 | AS8: =AI8 -> 5.4 | AT8: =AJ8 -> 5 | AU8: =AJ8 -> 5 | AV8: =AH8 -> 4.6 | AW8: =AH8 -> 4.6 | AX8: =AI8 -> 5.4 | AY8: =AI8 -> 5.4 | AZ8: =AJ8 -> 5
A9: 6 | C9: =MIN(Dados!C8:AZ8) -> 3.8998813 | D9: {=MAX(MAX(IF(Dados!C8:AZ8<(E9-1.5*L9),Dados!C8:AZ8,-10000)),C9)} -> 3.8998813 | E9: =QUARTILE(Dados!C8:AZ8,1) -> 4.346284 | F9: =MEDIAN(Dados!C8:AZ8) -> 4.5505992 | G9: =QUARTILE(Dados!C8:AZ8,3) -> 4.7408309 | H9: {=MIN(MIN(IF(Dados!C8:AZ8>(G9+1.5*L9),Dados!C8:AZ8,10000)),I9)} -> 5.353907 | I9: =MAX(Dados!C8:AZ8) -> 5.353907 | K9: =G9+1.5*L9 -> 5.3326512 | L9: =G9-E9 -> 0.39454686 | N9: =D9 -> 3.8998813 | O9: =N9 -> 3.8998813 | P9: =O9 -> 3.8998813 | Q9: =E9 -> 4.346284 | R9: =Q9 -> 4.346284 | S9: =F9 -> 4.5505992 | T9: =S9 -> 4.5505992 | U9: =G9 -> 4.7408309 | V9: =U9 -> 4.7408309 | W9: =H9 -> 5.353907 | X9: =W9 -> 5.353907 | Y9: =X9 -> 5.353907 | Z9: =Y9 -> 5.353907 | AA9: =V9 -> 4.7408309 | AB9: =AA9 -> 4.7408309 | AC9: =T9 -> 4.5505992 | AD9: =AC9 -> 4.5505992 | AE9: =R9 -> 4.346284 | AF9: =AE9 -> 4.346284 | AH9: =AJ9-0.4 -> 5.6 | AI9: =AJ9+0.4 -> 6.4 | AJ9: =AJ8+1 -> 6 | AK9: =AJ9 -> 6 | AL9: =AH9 -> 5.6 | AM9: =AH9 -> 5.6 | AN9: =AI9 -> 6.4 | AO9: =AI9 -> 6.4 | AP9: =AJ9 -> 6 | AQ9: =AJ9 -> 6 | AR9: =AH9 -> 5.6 | AS9: =AI9 -> 6.4 | AT9: =AJ9 -> 6 | AU9: =AJ9 -> 6 | AV9: =AH9 -> 5.6 | AW9: =AH9 -> 5.6 | AX9: =AI9 -> 6.4 | AY9: =AI9 -> 6.4 | AZ9: =AJ9 -> 6
A10: 7 | C10: =MIN(Dados!C9:AZ9) -> 5.003695 | D10: {=MAX(MAX(IF(Dados!C9:AZ9<(E10-1.5*L10),Dados!C9:AZ9,-10000)),C10)} -> 5.003695 | E10: =QUARTILE(Dados!C9:AZ9,1) -> 5.5545658 | F10: =MEDIAN(Dados!C9:AZ9) -> 5.8242401 | G10: =QUARTILE(Dados!C9:AZ9,3) -> 5.9947538 | H10: {=MIN(MIN(IF(Dados!C9:AZ9>(G10+1.5*L10),Dados!C9:AZ9,10000)),I10)} -> 6.6055298 | I10: =MAX(Dados!C9:AZ9) -> 6.6055298 | K10: =G10+1.5*L10 -> 6.6550357 | L10: =G10-E10 -> 0.44018795 | N10: =D10 -> 5.003695 | O10: =N10 -> 5.003695 | P10: =O10 -> 5.003695 | Q10: =E10 -> 5.5545658 | R10: =Q10 -> 5.5545658 | S10: =F10 -> 5.8242401 | T10: =S10 -> 5.8242401 | U10: =G10 -> 5.9947538 | V10: =U10 -> 5.9947538 | W10: =H10 -> 6.6055298 | X10: =W10 -> 6.6055298 | Y10: =X10 -> 6.6055298 | Z10: =Y10 -> 6.6055298 | AA10: =V10 -> 5.9947538 | AB10: =AA10 -> 5.9947538 | AC10: =T10 -> 5.8242401 | AD10: =AC10 -> 5.8242401 | AE10: =R10 -> 5.5545658 | AF10: =AE10 -> 5.5545658 | AH10: =AJ10-0.4 -> 6.6 | AI10: =AJ10+0.4 -> 7.4 | AJ10: =AJ9+1 -> 7 | AK10: =AJ10 -> 7 | AL10: =AH10 -> 6.6 | AM10: =AH10 -> 6.6 | AN10: =AI10 -> 7.4 | AO10: =AI10 -> 7.4 | AP10: =AJ10 -> 7 | AQ10: =AJ10 -> 7 | AR10: =AH10 -> 6.6 | AS10: =AI10 -> 7.4 | AT10: =AJ10 -> 7 | AU10: =AJ10 -> 7 | AV10: =AH10 -> 6.6 | AW10: =AH10 -> 6.6 | AX10: =AI10 -> 7.4 | AY10: =AI10 -> 7.4 | AZ10: =AJ10 -> 7
A11: 8 | C11: =MIN(Dados!C10:AZ10) -> 6.5237914 | D11: {=MAX(MAX(IF(Dados!C10:AZ10<(E11-1.5*L11),Dados!C10:AZ10,-10000)),C11)} -> 6.5237914 | E11: =QUARTILE(Dados!C10:AZ10,1) -> 7.0108491 | F11: =MEDIAN(Dados!C10:AZ10) -> 7.3816785 | G11: =QUARTILE(Dados!C10:AZ10,3) -> 7.7075908 | H11: {=MIN(MIN(IF(Dados!C10:AZ10>(G11+1.5*L11),Dados!C10:AZ10,10000)),I11)} -> 8.6206147 | I11: =MAX(Dados!C10:AZ10) -> 8.6206147 | K11: =G11+1.5*L11 -> 8.7527034 | L11: =G11-E11 -> 0.69674171 | N11: =D11 -> 6.5237914 | O11: =N11 -> 6.5237914 | P11: =O11 -> 6.5237914 | Q11: =E11 -> 7.0108491 | R11: =Q11 -> 7.0108491 | S11: =F11 -> 7.3816785 | T11: =S11 -> 7.3816785 | U11: =G11 -> 7.7075908 | V11: =U11 -> 7.7075908 | W11: =H11 -> 8.6206147 | X11: =W11 -> 8.6206147 | Y11: =X11 -> 8.6206147 | Z11: =Y11 -> 8.6206147 | AA11: =V11 -> 7.7075908 | AB11: =AA11 -> 7.7075908 | AC11: =T11 -> 7.3816785 | AD11: =AC11 -> 7.3816785 | AE11: =R11 -> 7.0108491 | AF11: =AE11 -> 7.0108491 | AH11: =AJ11-0.4 -> 7.6 | AI11: =AJ11+0.4 -> 8.4 | AJ11: =AJ10+1 -> 8 | AK11: =AJ11 -> 8 | AL11: =AH11 -> 7.6 | AM11: =AH11 -> 7.6 | AN11: =AI11 -> 8.4 | AO11: =AI11 -> 8.4 | AP11: =AJ11 -> 8 | AQ11: =AJ11 -> 8 | AR11: =AH11 -> 7.6 | AS11: =AI11 -> 8.4 | AT11: =AJ11 -> 8 | AU11: =AJ11 -> 8 | AV11: =AH11 -> 7.6 | AW11: =AH11 -> 7.6 | AX11: =AI11 -> 8.4 | AY11: =AI11 -> 8.4 | AZ11: =AJ11 -> 8
A12: 9 | C12: =MIN(Dados!C11:AZ11) -> 8.2354847 | D12: {=MAX(MAX(IF(Dados!C11:AZ11<(E12-1.5*L12),Dados!C11:AZ11,-10000)),C12)} -> 8.2354847 | E12: =QUARTILE(Dados!C11:AZ11,1) -> 8.8838643 | F12: =MEDIAN(Dados!C11:AZ11) -> 9.4430184 | G12: =QUARTILE(Dados!C11:AZ11,3) -> 9.9762807 | H12: {=MIN(MIN(IF(Dados!C11:AZ11>(G12+1.5*L12),Dados!C11:AZ11,10000)),I12)} -> 11.514421 | I12: =MAX(Dados!C11:AZ11) -> 11.514421 | K12: =G12+1.5*L12 -> 11.614905 | L12: =G12-E12 -> 1.0924163 | N12: =D12 -> 8.2354847 | O12: =N12 -> 8.2354847 | P12: =O12 -> 8.2354847 | Q12: =E12 -> 8.8838643 | R12: =Q12 -> 8.8838643 | S12: =F12 -> 9.4430184 | T12: =S12 -> 9.4430184 | U12: =G12 -> 9.9762807 | V12: =U12 -> 9.9762807 | W12: =H12 -> 11.514421 | X12: =W12 -> 11.514421 | Y12: =X12 -> 11.514421 | Z12: =Y12 -> 11.514421 | AA12: =V12 -> 9.9762807 | AB12: =AA12 -> 9.9762807 | AC12: =T12 -> 9.4430184 | AD12: =AC12 -> 9.4430184 | AE12: =R12 -> 8.8838643 | AF12: =AE12 -> 8.8838643 | AH12: =AJ12-0.4 -> 8.6 | AI12: =AJ12+0.4 -> 9.4 | AJ12: =AJ11+1 -> 9 | AK12: =AJ12 -> 9 | AL12: =AH12 -> 8.6 | AM12: =AH12 -> 8.6 | AN12: =AI12 -> 9.4 | AO12: =AI12 -> 9.4 | AP12: =AJ12 -> 9 | AQ12: =AJ12 -> 9 | AR12: =AH12 -> 8.6 | AS12: =AI12 -> 9.4 | AT12: =AJ12 -> 9 | AU12: =AJ12 -> 9 | AV12: =AH12 -> 8.6 | AW12: =AH12 -> 8.6 | AX12: =AI12 -> 9.4 | AY12: =AI12 -> 9.4 | AZ12: =AJ12 -> 9
A13: 10 | C13: =MIN(Dados!C12:AZ12) -> 10.302403 | D13: {=MAX(MAX(IF(Dados!C12:AZ12<(E13-1.5*L13),Dados!C12:AZ12,-10000)),C13)} -> 10.302403 | E13: =QUARTILE(Dados!C12:AZ12,1) -> 11.527747 | F13: =MEDIAN(Dados!C12:AZ12) -> 12.136052 | G13: =QUARTILE(Dados!C12:AZ12,3) -> 12.595284 | H13: {=MIN(MIN(IF(Dados!C12:AZ12>(G13+1.5*L13),Dados!C12:AZ12,10000)),I13)} -> 14.74175 | I13: =MAX(Dados!C12:AZ12) -> 14.74175 | K13: =G13+1.5*L13 -> 14.196591 | L13: =G13-E13 -> 1.0675375 | N13: =D13 -> 10.302403 | O13: =N13 -> 10.302403 | P13: =O13 -> 10.302403 | Q13: =E13 -> 11.527747 | R13: =Q13 -> 11.527747 | S13: =F13 -> 12.136052 | T13: =S13 -> 12.136052 | U13: =G13 -> 12.595284 | V13: =U13 -> 12.595284 | W13: =H13 -> 14.74175 | X13: =W13 -> 14.74175 | Y13: =X13 -> 14.74175 | Z13: =Y13 -> 14.74175 | AA13: =V13 -> 12.595284 | AB13: =AA13 -> 12.595284 | AC13: =T13 -> 12.136052 | AD13: =AC13 -> 12.136052 | AE13: =R13 -> 11.527747 | AF13: =AE13 -> 11.527747 | AH13: =AJ13-0.4 -> 9.6 | AI13: =AJ13+0.4 -> 10.4 | AJ13: =AJ12+1 -> 10 | AK13: =AJ13 -> 10 | AL13: =AH13 -> 9.6 | AM13: =AH13 -> 9.6 | AN13: =AI13 -> 10.4 | AO13: =AI13 -> 10.4 | AP13: =AJ13 -> 10 | AQ13: =AJ13 -> 10 | AR13: =AH13 -> 9.6 | AS13: =AI13 -> 10.4 | AT13: =AJ13 -> 10 | AU13: =AJ13 -> 10 | AV13: =AH13 -> 9.6 | AW13: =AH13 -> 9.6 | AX13: =AI13 -> 10.4 | AY13: =AI13 -> 10.4 | AZ13: =AJ13 -> 10
A14: 11 | C14: =MIN(Dados!C13:AZ13) -> 13.56881 | D14: {=MAX(MAX(IF(Dados!C13:AZ13<(E14-1.5*L14),Dados!C13:AZ13,-10000)),C14)} -> 13.56881 | E14: =QUARTILE(Dados!C13:AZ13,1) -> 14.669723 | F14: =MEDIAN(Dados!C13:AZ13) -> 15.392152 | G14: =QUARTILE(Dados!C13:AZ13,3) -> 16.335369 | H14: {=MIN(MIN(IF(Dados!C13:AZ13>(G14+1.5*L14),Dados!C13:AZ13,10000)),I14)} -> 19.318853 | I14: =MAX(Dados!C13:AZ13) -> 19.318853 | K14: =G14+1.5*L14 -> 18.833838 | L14: =G14-E14 -> 1.6656462 | N14: =D14 -> 13.56881 | O14: =N14 -> 13.56881 | P14: =O14 -> 13.56881 | Q14: =E14 -> 14.669723 | R14: =Q14 -> 14.669723 | S14: =F14 -> 15.392152 | T14: =S14 -> 15.392152 | U14: =G14 -> 16.335369 | V14: =U14 -> 16.335369 | W14: =H14 -> 19.318853 | X14: =W14 -> 19.318853 | Y14: =X14 -> 19.318853 | Z14: =Y14 -> 19.318853 | AA14: =V14 -> 16.335369 | AB14: =AA14 -> 16.335369 | AC14: =T14 -> 15.392152 | AD14: =AC14 -> 15.392152 | AE14: =R14 -> 14.669723 | AF14: =AE14 -> 14.669723 | AH14: =AJ14-0.4 -> 10.6 | AI14: =AJ14+0.4 -> 11.4 | AJ14: =AJ13+1 -> 11 | AK14: =AJ14 -> 11 | AL14: =AH14 -> 10.6 | AM14: =AH14 -> 10.6 | AN14: =AI14 -> 11.4 | AO14: =AI14 -> 11.4 | AP14: =AJ14 -> 11 | AQ14: =AJ14 -> 11 | AR14: =AH14 -> 10.6 | AS14: =AI14 -> 11.4 | AT14: =AJ14 -> 11 | AU14: =AJ14 -> 11 | AV14: =AH14 -> 10.6 | AW14: =AH14 -> 10.6 | AX14: =AI14 -> 11.4 | AY14: =AI14 -> 11.4 | AZ14: =AJ14 -> 11
A15: 12 | C15: =MIN(Dados!C14:AZ14) -> 17.244419 | D15: {=MAX(MAX(IF(Dados!C14:AZ14<(E15-1.5*L15),Dados!C14:AZ14,-10000)),C15)} -> 17.244419 | E15: =QUARTILE(Dados!C14:AZ14,1) -> 18.749609 | F15: =MEDIAN(Dados!C14:AZ14) -> 19.884449 | G15: =QUARTILE(Dados!C14:AZ14,3) -> 20.922247 | H15: {=MIN(MIN(IF(Dados!C14:AZ14>(G15+1.5*L15),Dados!C14:AZ14,10000)),I15)} -> 24.407224 | I15: =MAX(Dados!C14:AZ14) -> 25.83925 | K15: =G15+1.5*L15 -> 24.181203 | L15: =G15-E15 -> 2.1726379 | N15: =D15 -> 17.244419 | O15: =N15 -> 17.244419 | P15: =O15 -> 17.244419 | Q15: =E15 -> 18.749609 | R15: =Q15 -> 18.749609 | S15: =F15 -> 19.884449 | T15: =S15 -> 19.884449 | U15: =G15 -> 20.922247 | V15: =U15 -> 20.922247 | W15: =H15 -> 24.407224 | X15: =W15 -> 24.407224 | Y15: =X15 -> 24.407224 | Z15: =Y15 -> 24.407224 | AA15: =V15 -> 20.922247 | AB15: =AA15 -> 20.922247 | AC15: =T15 -> 19.884449 | AD15: =AC15 -> 19.884449 | AE15: =R15 -> 18.749609 | AF15: =AE15 -> 18.749609 | AH15: =AJ15-0.4 -> 11.6 | AI15: =AJ15+0.4 -> 12.4 | AJ15: =AJ14+1 -> 12 | AK15: =AJ15 -> 12 | AL15: =AH15 -> 11.6 | AM15: =AH15 -> 11.6 | AN15: =AI15 -> 12.4 | AO15: =AI15 -> 12.4 | AP15: =AJ15 -> 12 | AQ15: =AJ15 -> 12 | AR15: =AH15 -> 11.6 | AS15: =AI15 -> 12.4 | AT15: =AJ15 -> 12 | AU15: =AJ15 -> 12 | AV15: =AH15 -> 11.6 | AW15: =AH15 -> 11.6 | AX15: =AI15 -> 12.4 | AY15: =AI15 -> 12.4 | AZ15: =AJ15 -> 12
A16: 13 | C16: =MIN(Dados!C15:AZ15) -> 21.849453 | D16: {=MAX(MAX(IF(Dados!C15:AZ15<(E16-1.5*L16),Dados!C15:AZ15,-10000)),C16)} -> 21.849453 | E16: =QUARTILE(Dados!C15:AZ15,1) -> 23.796235 | F16: =MEDIAN(Dados!C15:AZ15) -> 25.344479 | G16: =QUARTILE(Dados!C15:AZ15,3) -> 26.831175 | H16: {=MIN(MIN(IF(Dados!C15:AZ15>(G16+1.5*L16),Dados!C15:AZ15,10000)),I16)} -> 33.841642 | I16: =MAX(Dados!C15:AZ15) -> 33.841642 | K16: =G16+1.5*L16 -> 31.383586 | L16: =G16-E16 -> 3.0349404 | N16: =D16 -> 21.849453 | O16: =N16 -> 21.849453 | P16: =O16 -> 21.849453 | Q16: =E16 -> 23.796235 | R16: =Q16 -> 23.796235 | S16: =F16 -> 25.344479 | T16: =S16 -> 25.344479 | U16: =G16 -> 26.831175 | V16: =U16 -> 26.831175 | W16: =H16 -> 33.841642 | X16: =W16 -> 33.841642 | Y16: =X16 -> 33.841642 | Z16: =Y16 -> 33.841642 | AA16: =V16 -> 26.831175 | AB16: =AA16 -> 26.831175 | AC16: =T16 -> 25.344479 | AD16: =AC16 -> 25.344479 | AE16: =R16 -> 23.796235 | AF16: =AE16 -> 23.796235 | AH16: =AJ16-0.4 -> 12.6 | AI16: =AJ16+0.4 -> 13.4 | AJ16: =AJ15+1 -> 13 | AK16: =AJ16 -> 13 | AL16: =AH16 -> 12.6 | AM16: =AH16 -> 12.6 | AN16: =AI16 -> 13.4 | AO16: =AI16 -> 13.4 | AP16: =AJ16 -> 13 | AQ16: =AJ16 -> 13 | AR16: =AH16 -> 12.6 | AS16: =AI16 -> 13.4 | AT16: =AJ16 -> 13 | AU16: =AJ16 -> 13 | AV16: =AH16 -> 12.6 | AW16: =AH16 -> 12.6 | AX16: =AI16 -> 13.4 | AY16: =AI16 -> 13.4 | AZ16: =AJ16 -> 13
... A23: 20 | C23: =MIN(Dados!C22:AZ22) -> 120.97633 | D23: {=MAX(MAX(IF(Dados!C22:AZ22<(E23-1.5*L23),Dados!C22:AZ22,-10000)),C23)} -> 120.97633 | E23: =QUARTILE(Dados!C22:AZ22,1) -> 136.51898 | F23: =MEDIAN(Dados!C22:AZ22) -> 145.988 | G23: =QUARTILE(Dados!C22:AZ22,3) -> 155.31663 | H23: {=MIN(MIN(IF(Dados!C22:AZ22>(G23+1.5*L23),Dados!C22:AZ22,10000)),I23)} -> 185.0912 | I23: =MAX(Dados!C22:AZ22) -> 202.31707 | K23: =G23+1.5*L23 -> 183.5131 | L23: =G23-E23 -> 18.797647 | N23: =D23 -> 120.97633 | O23: =N23 -> 120.97633 | P23: =O23 -> 120.97633 | Q23: =E23 -> 136.51898 | R23: =Q23 -> 136.51898 | S23: =F23 -> 145.988 | T23: =S23 -> 145.988 | U23: =G23 -> 155.31663 | V23: =U23 -> 155.31663 | W23: =H23 -> 185.0912 | X23: =W23 -> 185.0912 | Y23: =X23 -> 185.0912 | Z23: =Y23 -> 185.0912 | AA23: =V23 -> 155.31663 | AB23: =AA23 -> 155.31663 | AC23: =T23 -> 145.988 | AD23: =AC23 -> 145.988 | AE23: =R23 -> 136.51898 | AF23: =AE23 -> 136.51898 | AH23: =AJ23-0.4 -> 19.6 | AI23: =AJ23+0.4 -> 20.4 | AJ23: =AJ22+1 -> 20 | AK23: =AJ23 -> 20 | AL23: =AH23 -> 19.6 | AM23: =AH23 -> 19.6 | AN23: =AI23 -> 20.4 | AO23: =AI23 -> 20.4 | AP23: =AJ23 -> 20 | AQ23: =AJ23 -> 20 | AR23: =AH23 -> 19.6 | AS23: =AI23 -> 20.4 | AT23: =AJ23 -> 20 | AU23: =AJ23 -> 20 | AV23: =AH23 -> 19.6 | AW23: =AH23 -> 19.6 | AX23: =AI23 -> 20.4 | AY23: =AI23 -> 20.4 | AZ23: =AJ23 -> 20
